AccX[mg]	AccY[mg]	AccZ[mg]	GyrX[dps]	GyrY[dps]	GyrZ[dps]
-33	-110	944	8.5575	5.80125	4.580625
-41	-57	1007	8.028125	-5.495	7.18375
-104	-54	990	-2.078125	-26.298124	-8.789375
121	-63	1043	7.8925	-10.355625	-7.118125
-41	-31	1018	-3.955	3.5	2.034375
2	-40	1003	-4.94375	2.59875	-2.515625
-8	-19	1004	-5.6875	0.459375	-0.0525
12	-47	1030	-2.695	-2.113125	1.491875
-34	-35	1020	-1.194375	0.406875	1.3825
-31	-15	995	2.73875	-0.7	-3.5525
-12	-34	1022	9.095625	-4.300625	-5.6875
9	-72	1013	4.930625	-8.86375	-5.140625
9	-91	1024	-3.154375	-4.0075	-0.039375
-17	-58	892	-4.57625	0.21	5.565
-6	-31	1031	0.161875	-7.485625	-1.98625
1	-26	1043	-2.576875	0.105	2.93125
14	-42	1060	-2.961875	-3.80625	3.276875
-12	-33	1022	-1.824375	3.605	2.26625
-5	-45	1008	1.75	-0.354375	2.121875
-23	-37	993	-0.669375	0.275625	1.789375
-51	-30	1025	-3.198125	-6.444375	-0.42875
-122	-69	1036	-12.355	-7.144375	-0.345625
-93	-47	1041	-3.98125	-0.336875	-1.74125
-150	-21	1077	11.029375	5.74875	4.099375
-187	-9	990	7.608125	11.685625	0.51625
-166	-30	1005	11.790625	14.84875	-4.20875
-175	-3	996	-5.446875	20.085625	-4.781875
-166	8	970	-2.568125	31.377501	-10.276875
-18	-41	976	-5.78375	3.136875	-16.139376
27	-28	978	5.744375	9.49375	-19.831875
-32	72	1012	-5.184375	-17.766874	-7.72625
125	-58	1032	2.944375	5.866875	-12.324375
138	3	1058	11.38375	-15.7325	-3.0625
172	-20	961	16.296875	-5.3375	-1.710625
186	7	983	11.948125	-23.686251	-0.179375
178	6	1042	2.7825	-15.211875	-2.5725
173	1	963	-10.049375	1.79375	-3.10625
166	-38	1017	-8.290625	1.054375	-3.78
196	-35	1055	-4.563125	3.3425	-3.45625
218	-55	1070	11.6725	5.796875	-5.849375
208	-19	1059	6.094375	15.40875	-8.771875
168	-68	933	-6.23	18.011875	-9.953125
165	-26	1042	-7.266875	13.899375	-1.75
142	-16	968	-9.130625	18.659374	-6.960625
62	-58	967	-12.74875	11.851875	17.692499
97	-49	992	3.66625	-12.061875	4.08625
118	41	1065	-6.90375	-28.717501	8.036875
49	-40	958	-19.411875	-6.5975	-5.06625
16	2	1004	-19.731251	-22.474375	2.5725
-15	-51	1006	-10.198125	-10.26375	-9.515625
-65	-38	947	-8.404375	-16.016874	0.8925
-154	-79	1030	-24.014376	-15.063125	-4.0075
-65	-116	1078	-9.05625	-14.091875	-1.885625
-114	-113	1013	-44.734375	0.590625	-5.66125
-162	-161	955	-36.758751	21.301874	6.243125
-252	-195	983	-12.779375	8.325625	14.70875
-164	-106	977	9.6775	1.124375	-4.528125
-144	-148	956	18.983126	33.477501	2.603125
-63	-146	1078	12.80125	2.415	-0.818125
-47	-142	1106	7.37625	4.694375	6.365625
-19	-138	1057	4.75125	3.325	6.405
-15	-143	1006	12.4425	6.838125	7.704375
-20	-140	1000	10.8325	-1.28625	8.7325
-22	-129	996	10.539375	-1.2775	3.346875
-18	-116	985	10.745	0.021875	1.84625
-14	-104	1001	9.139375	-2.314375	-0.175
-12	-96	1029	4.256875	-1.596875	-0.739375
1	-90	993	0.315	2.5025	-0.6825
-28	-87	1017	3.66625	1.316875	3.495625
-8	-93	1019	4.06	-1.518125	-0.161875
8	-85	984	0.97125	-0.0175	-1.16375
20	-94	1027	-7.39375	-1.675625	2.804375
-7	-94	1006	-5.03125	4.344375	4.4625
-10	-84	1007	1.84625	2.45	1.6625
-9	-85	1031	2.025625	-3.206875	-0.14875
1	-78	1028	3.416875	1.28625	-3.311875
3	-82	1024	0.93625	-9.6775	-2.31875
14	-84	1023	2.9575	-6.23875	-1.290625
-17	-78	975	3.189375	10.7275	2.5375
-28	-79	1019	6.190625	0.525	0.86625
-18	-72	1003	9.008125	3.810625	-5.026875
-7	-84	1008	3.0625	3.618125	-4.80375
-1	-70	1020	5.1625	1.614375	1.44375
14	-54	1013	10.3425	2.926875	2.795625
6	-56	1028	9.113125	-4.94375	4.948125
-24	-50	1006	0.63875	-8.2075	6.426875
-132	-97	1041	-10.3775	-25.64625	9.760625
-248	-128	1133	-5.971875	-39.353127	2.331875
-278	-63	1096	6.6325	-15.95125	-2.33625
-265	-27	1047	2.174375	5.411875	-11.248125
-225	-52	991	-10.513125	37.174374	-8.79375
-148	-46	981	1.579375	15.360625	-10.70125
-24	-5	970	21.415625	39.563126	-9.5725
-19	16	968	49.997501	22.815624	-9.629375
72	107	863	40.7225	6.330625	-9.988125
61	133	998	40.556252	-18.860624	-7.175
192	100	897	-3.8675	-5.674375	-11.13
370	35	1061	3.845625	-20.956249	-11.029375
437	96	1111	-0.37625	-3.696875	11.3925
276	122	1206	-22.575001	-17.0275	1.98625
264	39	1130	-19.018126	-4.17375	-4.589375
246	20	1062	-8.33	14.7	-7.91
288	7	996	-6.444375	30.82625	-3.40375
263	7	1022	6.173125	19.578125	5.8625
238	-44	1028	-19.735624	29.325624	-1.439375
216	-58	1055	-31.456249	3.49125	-5.32
199	-110	1031	-40.499374	10.605	8.3125
104	-25	902	-3.80625	21.752501	-7.608125
3	23	1014	-7.46375	-5.595625	24.959375
-60	8	924	9.9575	-15.75	11.795
-126	83	1031	7.21875	-43.006248	40.674374
-229	-10	1090	24.198126	-21.21875	13.36125
-159	86	1002	-3.50875	-19.963125	-18.016251
-217	49	939	3.42125	-14.98	-19.075001
-214	-11	862	-3.889375	-9.288125	-15.369375
-285	-47	1031	-10.92875	-7.581875	-20.558125
-298	-109	1168	-19.48625	-13.34375	-23.848125
-134	-75	1089	-35.157501	11.440625	-24.745001
-70	-66	1081	-32.252499	21.126875	-2.944375
13	-104	1055	-24.780001	24.530624	19.643749
-24	-92	1052	0.35875	17.9375	26.897499
1	-86	932	22.518126	15.833125	16.1875
-7	-75	1010	19.473125	-0.0175	6.51875
8	-72	962	5.516875	-2.2575	1.30375
-2	-83	962	1.701875	-5.4425	5.6
-35	-108	987	-2.91375	-2.45875	-3.2725
-9	-87	1038	-8.855	-2.830625	-7.46375
-7	-64	1035	-5.6	5.219375	-5.044375
-4	-55	1032	-6.18625	1.37375	-3.19375
-13	-51	1041	-3.740625	-0.091875	0.818125
8	-68	1012	-4.283125	0.28	-0.739375
2	-82	1008	2.078125	-0.81375	2.51125
-3	-105	976	-1.631875	-0.651875	0.739375
-11	-103	981	-3.163125	-0.56875	-0.55125
-11	-93	988	1.010625	0.651875	0.48125
-26	-89	990	1.946875	-4.97875	1.715
-68	-105	1025	1.544375	-10.154375	2.305625
-178	-122	1084	-3.819375	-20.505625	-0.81375
-217	-121	1093	-0.144375	-27.986876	-11.9175
-234	-61	1044	18.991875	-11.116875	-12.83625
-266	-63	1077	20.9825	-0.826875	-16.200624
-189	-28	990	23.463125	10.688125	-10.255
-222	14	930	12.88	32.436249	-1.46125
-116	-25	907	8.995	16.5725	-0.11375
-29	12	989	28.266874	18.094999	5.280625
52	-24	1065	37.760624	-4.2175	2.84375
163	99	1039	1.785	-13.015625	13.085625
169	47	1107	-16.226875	-3.399375	-2.646875
350	30	962	-20.684999	25.414375	-9.63375
342	42	962	-1.334375	24.360001	-11.545625
418	70	913	9.8175	-13.18625	-8.9425
246	14	1146	14.23625	-21.161875	5.298125
294	26	1089	-10.35125	10.395	-3.05375
291	8	1026	-13.663125	18.169374	5.516875
195	-4	1096	-9.7825	17.745001	-6.95625
223	-46	1027	-24.596251	41.829376	-19.525625
195	-36	993	-43.522499	33.162498	-23.953125
85	-58	911	21.385	37.695	-3.906875
-52	-92	936	23.065001	-16.384375	26.149376
-47	-4	983	12.289375	-30.940001	-0.616875
-134	63	1072	0.69125	-61.551876	4.834375
-116	64	1051	-0.8575	-59.005627	15.955625
-154	19	1091	4.326875	-31.456249	27.74625
-244	29	911	-0.7175	19.298124	15.84625
-252	54	974	-30.86125	5.718125	14.25375
-227	-17	927	-22.46125	-14.0875	11.165
-174	-67	985	-17.626875	-0.511875	0.406875
-89	-61	1056	11.038125	12.814375	-2.91375
-10	-42	1043	-8.82	-10.399375	-1.4175
-21	-62	1063	13.34375	-1.806875	4.92625
8	-26	1025	-4.1125	24.9375	3.373125
-2	-64	1013	-11.85625	15.159375	1.28625
-1	-58	969	-0.905625	3.793125	-3.565625
-18	-67	1028	0.76125	-2.09125	-5.425
-3	-61	1030	-0.599375	-0.433125	-5.884375
15	-61	1047	5.455625	-0.42875	0.879375
13	-44	1038	7.266875	2.45875	6.3525
-4	-51	1024	6.531875	-0.748125	10.71875
-15	-58	992	4.641875	-0.441875	4.59375
-17	-37	1008	2.069375	-2.183125	0.2625
-5	-37	1000	-5.718125	-0.37625	-2.078125
6	-39	1003	-7.48125	0.5075	-3.3075
13	-40	995	-4.195625	0.245	-1.386875
0	-45	1002	2.905	-5.04	-1.054375
9	-49	1002	0.07	-14.06125	-1.631875
18	-49	991	-4.913125	-6.558125	0.0175
8	-45	1036	-4.090625	-8.386875	2.625
-15	-63	1053	-1.5925	-8.77625	1.96
-31	-61	1035	3.50875	-0.870625	-0.914375
-67	-29	1043	6.435625	-2.874375	-0.77875
-150	-41	1059	-7.6825	-6.86875	-4.795
-177	-50	1013	17.21125	-1.68	3.845625
-232	-17	1057	8.483125	-1.70625	2.19625
-203	-26	1053	12.061875	15.2425	-5.980625
-200	20	1060	9.568125	15.106875	-1.61875
-142	30	1042	24.605	29.334375	3.311875
-156	60	1030	0.16625	12.779375	-5.285
-59	51	942	8.500625	26.735624	-0.135625
-14	11	938	0.2275	8.229375	-3.35125
72	44	1051	-1.159375	-16.060625	-2.095625
295	4	867	21.170626	8.7675	-9.165625
460	-56	908	6.426875	-12.22375	-20.1775
480	53	1103	-4.33125	-53.668125	-26.385626
387	130	1150	-9.926875	-25.8475	-17.876249
302	43	1154	-11.510625	6.5275	-0.546875
404	-35	1075	-13.838125	24.17625	9.576875
337	-36	983	-20.733126	51.37125	18.856251
285	-153	955	-24.670626	64.535622	11.15625
72	-49	914	-3.626875	27.864374	6.943125
143	-114	944	-9.40625	-8.028125	14.126875
-10	48	927	28.227501	-23.905001	2.73875
104	-6	1009	8.203125	-77.875	4.746875
-154	-44	1048	-12.586875	-50.500626	12.2675
-131	-70	1116	-12.508125	-33.740002	0.385
-186	90	1016	-2.288125	1.47	2.139375
-232	21	1024	-15.631875	-3.731875	11.27
-264	-24	1097	-0.406875	1.955625	8.745625
-263	-90	1136	-15.211875	1.16375	-5.088125
-175	-90	1070	-13.30875	17.574375	-33.7575
20	1	1023	-15.413125	22.6625	-26.753124
36	-22	1090	-12.92375	9.043125	-6.260625
52	-77	1097	-1.96	35.004375	6.57125
20	-63	980	15.21625	27.903749	18.423124
-18	-97	947	22.785	25.514999	18.9
-38	-93	950	14.406875	-8.535625	8.645
-47	-88	1009	3.180625	-5.78375	-0.6475
-41	-54	1000	-7.83125	3.7625	-6.5975
-44	-57	1015	-10.128125	-1.238125	-8.535625
-21	-63	1027	-6.46625	-1.036875	-7.135625
-32	-58	994	-0.196875	1.88125	-3.968125
-24	-70	1014	0.205625	-3.40375	-3.2375
-11	-64	1007	0.896875	-5.665625	-1.360625
-8	-62	1012	-1.09375	-0.371875	-0.083125
-27	-64	996	-7.6475	-1.903125	0.595
-25	-69	1033	-1.929375	-4.991875	-1.850625
-19	-67	1023	3.320625	0.730625	-1.91625
-33	-73	1030	4.361875	-0.79625	-0.02625
-40	-63	1047	5.123125	-5.543125	0.616875
-50	-64	1028	3.61375	-0.835625	-0.175
-111	-73	1018	-0.643125	-0.00875	2.795625
-161	-73	1057	-1.570625	-9.26625	1.7675
-236	-88	1058	1.168125	-2.393125	-1.6625
-227	-23	1023	1.6975	-4.03375	-6.58875
-212	-52	1038	-10.171875	2.52875	-5.779375
-195	-66	1022	-10.24625	13.138125	-2.743125
-153	-71	995	-2.905	26.761875	5.6875
-161	-49	972	7.144375	26.691875	15.07625
-147	-70	978	10.539375	8.6625	10.99875
-41	-13	875	21.559999	0.730625	1.133125
-9	41	1092	9.174375	-28.546875	-15.42625
186	52	984	17.994375	-28.848749	-14.021875
253	18	1008	-7.310625	7.284375	-8.421875
292	11	992	-3.7975	-9.410625	0.28875
337	-28	994	-12.46	-29.032499	-1.334375
333	-33	1092	-10.259375	-21.669374	0.56
385	-93	1135	-7.98	-5.630625	-5.355
411	-109	1243	-8.273125	-4.536875	-9.471875
364	-132	957	-13.514375	16.31875	-12.464375
257	-142	833	-7.69125	39.466873	-11.361875
165	-114	861	6.8775	36.815624	-1.0325
145	-78	916	17.898125	31.053749	10.434375
51	-31	996	8.544375	3.4825	19.980625
-60	0	996	7.284375	-11.9	25.4625
-40	-66	1066	-17.92	-20.409374	9.905
-160	-23	1013	-26.411875	4.69875	-0.035
-213	4	940	-29.421875	4.895625	-8.544375
-351	-50	904	-9.060625	9.72125	1.719375
-336	-64	1042	-5.0225	12.919375	-9.996875
-315	-85	1128	18.7075	-4.711875	-10.26375
-183	-126	1071	5.989375	-7.739375	-15.465625
-126	-143	1065	0.853125	-13.120625	-22.028126
-58	-100	1041	12.2325	9.72125	-0.030625
-57	-50	981	17.38625	4.003125	5.429375
-235	-75	967	52.78875	-9.139375	6.234375
15	8	1040	13.32625	-12.52125	-12.15375
27	-19	1073	-6.960625	3.01	5.306875
-19	-32	1031	-11.081875	19.998125	19.276251
-26	-72	973	-16.883125	21.376249	5.761875
-43	-55	974	-4.851875	10.955	6.076875
-43	-46	1008	9.625	5.420625	6.094375
-36	5	1038	15.028125	2.961875	10.82375
-70	23	1037	4.221875	8.04125	7.77875
-65	3	1009	-5.534375	2.33625	-1.715
-44	-46	981	-3.434375	-1.855	-5.67
-68	-57	1000	-0.590625	-3.26375	-1.658125
-81	-36	1014	-6.794375	-1.18125	1.68875
-57	2	1016	-8.295	-4.05125	3.171875
-68	-13	1004	3.89375	-4.405625	0.84875
-61	32	1106	17.780001	-5.359375	-3.740625
71	1	920	10.198125	-3.15875	-6.02
102	-83	1106	-22.610001	-7.056875	8.938125
73	5	1006	-14.735	9.760625	48.01125
93	-51	1094	-5.5475	-9.585625	36.084999
114	-22	1005	-14.949375	-7.035	1.82875
39	-7	950	-37.751877	-8.859375	-12.744375
41	-17	964	-36.798126	-27.168751	-9.288125
118	-121	989	-30.764999	-21.555626	-0.861875
40	-157	973	-6.689375	-0.385	4.795
38	-140	918	11.178125	28.336876	9.366875
47	-162	955	7.30625	27.794374	9.1
59	-144	974	2.1	-6.475	6.15125
35	-117	919	6.405	-21.411249	15.395625
-8	-130	977	16.349375	-10.66625	15.098125
-168	-63	1057	0.546875	-20.9125	2.0475
-188	-67	1100	-4.92625	-31.723125	-6.628125
-189	-93	1076	-6.173125	-19.858126	-7.476875
-202	-99	1068	-1.12875	-2.7125	-13.873125
-162	-140	1030	6.5625	-3.815	-16.856874
-195	-119	1061	-0.525	2.75625	-15.763125
-170	-163	1051	-5.140625	3.329375	-8.255625
-201	-157	1051	-6.2825	7.02625	-7.81375
-211	-129	1005	9.524375	12.954375	-10.71875
-164	-82	941	3.591875	10.171875	-18.335625
-140	-80	935	7.494375	26.070625	-15.5925
-90	-39	1056	10.0275	12.411875	-1.448125
-54	-38	1029	15.56625	24.303125	0.175
73	-43	993	11.449375	42.354374	-4.92625
148	-46	954	2.751875	21.0875	-0.79625
174	0	1042	3.679375	-3.460625	-0.875
230	-44	1076	10.6925	-0.389375	6.619375
220	-28	1101	-3.145625	-12.53	11.064375
167	-60	1087	-8.798125	-5.81	13.829375
134	-57	1043	-10.565625	3.189375	15.7325
62	-85	1021	-4.475625	6.505625	10.59625
28	-86	1014	0.161875	4.24375	4.19125
-5	-48	969	-4.68125	5.76625	1.25125
-17	-39	995	0.529375	-3.513125	2.016875
-26	-36	1011	-1.465625	-5.289375	1.290625
-28	-44	1010	3.889375	-12.578125	2.699375
-13	-51	1041	6.741875	-9.79125	-0.004375
-29	-50	1013	8.11125	-1.63625	-1.859375
-36	-42	1014	9.38875	-5.17125	-4.38375
-26	-40	1024	7.35	-5.53875	-7.468125
-16	-22	1028	7.555625	-1.395625	-4.57625
-24	-33	1044	4.6375	-3.521875	-3.758125
42	-24	1037	1.7325	10.33375	-4.31375
124	-22	1094	-1.98625	7.34125	-4.738125
161	-32	1126	0.170625	3.08	-1.6275
217	-19	1046	-2.35375	15.75875	5.464375
193	-45	836	6.059375	18.554375	9.769375
130	6	986	2.533125	2.66875	18.869375
130	22	990	-4.935	-15.07625	25.13875
102	-13	1005	6.768125	-17.504375	31.254999
-15	-22	975	6.44875	-7.39375	33.599998
-28	-21	955	-3.390625	-0.179375	14.240625
-190	-16	911	-20.606251	-1.79375	1.010625
-176	-41	955	-20.978125	-12.81875	4.01625
-211	-54	988	-7.65625	-12.67	-0.20125
-203	-4	1019	-3.21125	7.581875	-12.893125
-216	-48	1035	-12.595625	-9.393125	-22.815624
-226	-78	1065	-11.484375	-5.57375	-30.344999
-205	-86	1066	-19.459999	6.925625	-32.69875
-174	-123	1077	-11.869375	6.08125	-10.38625
-258	-109	1054	-3.56125	7.14	-8.194375
-308	-140	1012	21.7875	-1.925	-14.56
-300	-108	1057	18.471251	-9.975	-19.166876
-249	-98	1013	13.8425	-0.02625	-9.856875
-273	-73	1000	6.2825	25.449375	-3.03625
-196	-53	896	8.115625	29.155001	-5.88
-40	-43	936	-9.121875	32.729374	0.2275
66	-58	963	-6.339375	41.365623	-12.06625
176	4	1007	-0.870625	36.42625	-7.240625
227	-3	1006	-9.279375	14.958125	-6.79875
231	-13	1007	-6.64125	-19.674376	-8.9075
176	-6	1140	3.3425	-15.54	4.571875
159	-71	1119	-1.33	-29.238125	5.849375
111	-42	1101	4.738125	-14.538125	9.555
58	-50	1041	10.268125	-7.039375	6.36125
-1	-50	1024	10.955	-6.02	-1.02375
-19	-20	994	0.49875	-0.30625	-4.4275
-30	-81	1025	-2.515625	-11.344375	-3.85875
-10	-21	1014	-0.301875	-25.025	-6.243125
-6	-51	998	1.645	-14.595	-0.23625
-21	-50	1005	8.49625	-3.189375	4.17375
-31	-33	1031	5.228125	-13.04625	6.30875
-24	-25	1008	8.806875	4.169375	4.97875
-20	-26	1019	8.84625	-1.745625	5.884375
-13	-9	1003	3.2025	-5.219375	6.575625
-17	-42	1015	-3.50875	2.664375	5.035625
-6	-33	1014	-3.521875	8.085	-0.039375
-10	-24	1038	-3.82375	10.539375	0.354375
-3	-20	1029	0.783125	9.016875	1.4
-10	-14	1024	2.410625	13.86	-0.04375
19	-10	1039	2.165625	14.249375	0.175
35	-33	1032	3.014375	12.62625	-3.28125
125	-17	1120	-5.41625	1.4175	-3.605
211	-40	1142	-14.564375	5.13625	-3.43
275	-46	1102	-10.696875	1.211875	10.005625
245	-52	1050	-12.508125	-3.801875	15.176875
180	-36	931	-18.055626	-2.24	14.406875
134	-35	878	-8.439375	-0.415625	11.790625
67	-61	903	-12.053125	-6.65875	4.69875
-23	-35	935	-5.145	-27.772499	14.02625
-101	-22	969	13.0725	-21.953751	10.35125
-188	-92	973	-3.810625	-30.86125	5.38125
-201	-115	979	-28.021875	-22.124374	-9.725625
-292	-131	1011	-41.514374	-2.988125	-16.629375
-323	-167	1064	-21.157499	38.919998	-5.998125
-359	-172	1004	-1.666875	32.011875	-3.6575
-393	-150	1004	18.025	20.085625	-11.624375
-339	-152	1040	23.528749	0.72625	-22.526875
-285	-160	1089	20.365625	2.104375	-22.295
-239	-117	1001	22.51375	17.863125	-11.930625
-234	-62	953	16.743126	42.25375	-15.710625
-155	-75	995	32.475624	39.654999	4.064375
-196	-16	1069	28.511875	52.994373	8.0325
-103	-7	967	10.714375	43.12875	3.2375
-141	46	1024	-17.438749	36.596874	10.985625
-73	-89	784	-46.921875	27.81625	-1.42625
-37	-29	989	-7.231875	2.900625	10.101875
-15	-56	1036	-5.123125	-2.944375	-0.678125
9	-55	1074	7.459375	-34.698124	-5.10125
29	-37	1141	-0.62125	-30.7125	-6.899375
19	-55	1080	3.17625	-13.88625	-1.430625
-15	-46	1114	-0.8225	-20.313126	3.08
-32	-63	1054	1.754375	-16.555	8.246875
-71	-49	1018	9.979375	-14.153125	9.8875
-79	-50	986	10.885	-22.846251	6.838125
-96	-28	1019	12.044375	-20.540625	1.465625
-81	-37	1020	7.914375	-10.59625	-2.58125
-67	-8	1014	5.2325	-9.874375	-1.6975
-49	-5	1001	-1.6275	-6.645625	2.5375
-68	-18	1007	-2.524375	4.45375	2.673125
-78	-8	1004	0.27125	-3.22875	3.815
-72	-27	1010	0.581875	-7.72625	0.105
-64	-15	1018	2.463125	-4.725	-2.603125
-47	-12	1012	0.503125	-4.064375	-2.620625
-51	-2	1017	-1.32125	-1.203125	-1.990625
-61	-16	1023	-4.585	1.448125	-1.75
-57	-21	1006	-3.3075	0.56	-2.900625
-55	-24	1011	-0.09625	-0.72625	-3.675
-35	-30	1026	0.90125	-4.808125	-4.655
-10	-30	1031	-2.24875	5.639375	-9.961875
35	-20	1044	-4.388125	5.62625	-8.273125
70	-33	1068	-4.89125	6.934375	-4.379375
121	-40	1060	4.851875	8.106875	-5.01375
168	-15	1054	3.749375	-7.660625	-9.19625
181	21	908	6.615	-8.509375	-11.935
248	13	1109	1.5575	-17.828125	-3.005625
176	8	1066	-14.546875	-18.97875	15.850625
109	-31	914	-17.99	-2.410625	18.305
22	-88	917	-27.601875	-16.616249	12.46875
-43	-52	996	4.860625	-41.033127	12.81875
-57	-10	1041	-2.1	-56.157501	2.778125
-48	-108	1020	-0.21875	-19.88875	-5.67875
-73	-105	1018	-14.529375	-12.69625	-8.61
-124	-124	1018	-20.545	15.194375	-6.15125
-341	-89	1101	0.721875	40.866875	7.196875
-366	-78	1065	15.21625	10.040625	14.53375
-279	-55	997	11.545625	-12.998125	23.5375
-275	-42	1032	24.364374	10.6925	24.478125
-242	-35	1063	30.1175	16.9925	19.591249
-233	-17	1010	27.566875	13.654375	6.69375
-135	-31	1038	9.6075	24.101875	-6.02875
-104	-22	1004	-3.7625	31.495625	-8.26875
-96	15	1002	-1.60125	38.158749	-12.219375
-81	22	920	13.514375	36.413124	-26.004999
-27	23	984	19.026875	34.304375	-23.060625
-6	38	938	-0.888125	13.741875	-31.63125
84	55	926	-0.42875	17.801874	-26.442499
122	77	912	-13.549375	8.35625	-24.294374
123	45	1226	14.888125	6.409375	20.5975
84	36	1225	-17.084375	-3.35125	27.619375
-20	30	1085	-21.42	2.8525	19.862499
-32	-4	1058	-12.525625	9.94	14.529375
-85	-12	1022	-8.596875	10.45625	5.87125
-106	-28	984	-1.159375	-4.361875	-5.805625
-111	-13	993	8.833125	-3.618125	-12.263125
-125	14	997	3.154375	-6.37	-16.926874
-135	3	991	-3.115	-15.4875	-12.114375
-140	-18	1012	-6.37875	-17.084375	-5.945625
-135	-24	991	-9.016875	-5.578125	-1.474375
-129	-27	989	-5.053125	-10.19375	1.65375
-118	-25	1009	-4.090625	-5.87125	4.40125
-115	-43	1014	-0.51625	-6.195	6.759375
-108	-37	1043	6.195	-10.15875	2.86125
-96	-26	1023	7.406875	-6.9475	2.541875
-102	-23	1025	2.646875	-3.364375	2.043125
-86	-17	1022	-0.315	3.005625	2.73
-93	-18	1008	1.6975	0.8925	4.50625
-83	-18	1011	3.591875	-1.596875	2.296875
-72	-17	1008	3.115	-3.443125	1.0675
-61	-17	1023	-0.328125	-0.398125	-0.44625
-59	-13	1024	-0.91	3.3775	-0.336875
-37	-9	1037	-0.93625	-3.84125	-3.784375
15	-26	1099	-4.33125	2.104375	-4.615625
68	-36	1076	-14.315	1.859375	-3.924375
106	-19	1058	-14.7525	-4.17375	5.495
108	-68	1048	-13.033125	-3.10625	16.349375
85	-131	1013	-24.381874	9.7125	7.07
55	-79	990	-25.528126	13.13375	-10.35125
106	-53	949	-34.606251	-13.558125	-20.199375
95	-87	974	-29.365	-27.1775	-18.370625
77	-135	1030	-23.051874	-50.614376	-0.86625
30	-143	996	-6.733125	-34.313126	7.380625
-13	-148	883	-3.845625	-44.2225	2.24875
-80	-130	904	5.50375	-38.779999	2.205
-187	-120	970	35.643124	-11.6025	0.721875
-316	-111	1030	36.2425	-14.70875	-6.1775
-309	-122	1194	36.732498	-2.1	-14.800625
-226	-44	1132	15.824375	-12.67	-19.678749
-147	-33	1031	-1.413125	7.389375	-9.795625
-169	-68	1091	-7.826875	21.945	-5.718125
-177	-73	1061	5.158125	23.77375	-3.535
-150	-41	1050	-6.6325	30.463125	-13.505625
-84	-78	1033	-1.596875	30.6775	-8.308125
-80	-18	946	17.924376	41.6675	-6.313125
-18	-2	860	16.078125	45.443127	-7.7
150	-22	982	15.715	49.376251	-0.144375
95	99	1130	8.596875	47.525623	19.831875
142	-88	1063	4.515	27.295626	19.512501
170	109	1029	-32.637501	-22.98625	0.95375
72	-49	988	-9.98375	-0.95375	28.65625
-80	-29	1009	18.025	7.765625	17.63125
-97	-28	1039	31.307501	-10.793125	-10.325
-6	-31	971	13.899375	-19.971874	-15.11125
-38	5	994	16.856874	-4.169375	7.371875
-124	20	1028	24.801874	4.095	12.01375
-138	32	1055	4.7075	-4.1475	-3.434375
-118	38	1015	-6.99125	-2.839375	-9.996875
-96	5	1015	-0.98	1.225	-8.96875
-118	49	1025	11.379375	-5.490625	-5.175625
-94	78	1036	-1.719375	1.98625	-10.644375
-52	38	1026	-4.589375	-2.288125	-8.693125
-67	60	1019	-4.886875	3.994375	2.065
-109	19	986	-14.55125	2.699375	0.704375
-82	30	974	-5.59125	-0.665	0.77875
-83	32	971	0.380625	-3.976875	5.499375
-98	35	1001	14.00875	-7.035	5.635
-77	32	1015	10.416875	-11.020625	2.42375
-142	147	1025	-14.424375	-1.255625	2.743125
-49	15	973	-17.85	3.29	-8.771875
-85	0	992	-6.475	-6.51	1.413125
-104	23	1022	-5.779375	-17.272499	1.96875
-198	-8	1008	-4.9525	-17.8675	0.861875
-281	-5	1106	-1.964375	-26.18	-13.08125
-241	-40	1119	-5.775	-33.206249	-23.747499
-238	15	1113	10.451875	-0.16625	-28.42
-201	22	1029	19.656876	-2.498125	-28.126875
-196	30	973	19.696251	2.2225	-13.601875
-120	15	894	27.251875	-14.58625	-2.87875
-70	125	947	0.984375	-23.629375	11.081875
90	63	768	-27.811874	-21.660625	20.050625
221	150	907	-40.910625	-17.885	12.560625
373	-5	915	-32.510624	-5.455625	1.05875
444	-5	967	-0.048125	19.967501	-2.87875
438	47	1027	8.299375	-37.174374	-3.854375
439	40	1155	-5.289375	-22.421875	5.5125
436	-42	1198	-12.425	19.355	13.313125
407	-53	1018	-27.076876	56.109375	8.84625
331	-105	973	-27.243126	36.780624	10.85
261	-63	1012	-16.00375	15.47	-5.5475
230	-15	1129	29.001875	-3.653125	-4.55875
99	-78	974	19.385626	26.495001	-0.18375
-1	-87	926	9.59	-8.75875	10.084375
-256	-61	897	13.60625	-18.375	14.861875
-209	-25	1036	21.65625	-33.613125	1.61875
-292	31	1046	24.053749	-17.61375	11.1825
-218	41	1011	-4.92625	6.39625	3.425625
-232	18	1080	-14.363125	3.206875	6.36125
-185	-14	1099	-19.85375	15.51375	-5.508125
-106	-18	1028	-20.5275	28.861876	-16.52
-85	-40	1038	-10.66625	3.5	-13.488125
-23	-36	1050	-2.5725	11.90875	-6.873125
-13	-53	1043	-5.718125	11.790625	1.295
-18	-48	1004	1.509375	6.024375	7.8575
-24	-64	1002	-1.141875	2.03	5.99375
-16	-67	1014	-0.9625	-1.421875	0.60375
-35	-45	1005	3.626875	1.58375	-3.819375
-23	-43	1018	1.19875	0.669375	-7.301875
-25	-39	1030	3.154375	-1.54875	-6.58875
-7	-31	1014	-0.95375	0.42875	-3.180625
-15	-44	986	-6.83375	4.484375	0.37625
-18	-71	1007	0.826875	-0.616875	3.78
-21	-68	1012	5.0225	-3.828125	3.530625
-28	-51	1027	6.400625	-1.973125	7.389375
-29	-31	1032	9.226875	-0.035	9.358125
-26	-20	1011	8.719375	1.82	11.34875
-48	-34	1031	3.705625	4.03375	14.879375
-41	-38	999	-1.58375	10.1325	10.311875
-71	-52	1025	-1.1375	-4.19125	7.00875
-111	-38	1035	1.465625	-10.91125	6.2825
-189	-15	1073	10.40375	-7.1925	4.095
-224	-3	1087	18.4625	-6.4925	-6.216875
-228	68	1023	17.5175	6.636875	-8.4175
-209	28	1020	2.043125	1.14625	-8.085
-159	22	972	-4.99625	5.36375	-11.305
-122	10	1011	0.179375	6.566875	-9.253125
-54	1	964	21.284374	24.33375	-6.13375
-10	-14	966	23.270624	24.0975	-6.92125
31	28	943	3.600625	-6.27375	-1.1375
130	25	909	-16.786875	-12.788125	-7.91875
234	7	935	-12.945625	-12.0575	-14.975625
306	74	1018	-0.69125	-12.03125	-19.6175
275	90	1046	-16.35375	-15.00625	-20.76375
303	80	1109	-25.554375	-5.298125	-16.581249
295	2	1124	-18.676874	16.209375	-18.838751
201	-13	1009	-11.165	25.768749	-23.533125
198	41	1021	-10.68375	22.3125	-16.196251
80	-41	1211	-0.555625	17.101875	-0.90125
112	-31	1011	2.646875	11.335625	0.5775
-5	-48	757	-1.999375	7.415625	18.554375
-16	-14	995	14.875	6.0025	10.189375
-140	20	1015	2.848125	-6.129375	5.5825
-205	-65	946	-5.954375	-32.375	4.89125
-230	-71	1013	-22.299376	-24.071251	16.668751
-257	-113	1029	-24.438749	1.75875	17.390625
-231	-111	976	-7.161875	18.309376	17.727501
-203	-74	1012	-2.095625	8.815625	8.575
-186	-60	980	6.02875	5.8975	9.436875
-150	-51	998	8.365	9.935625	3.57
-108	-54	1052	3.084375	-10.058125	3.574375
-91	-62	1056	-4.598125	-6.125	-3.36
-67	-54	1009	-2.89625	10.609375	-1.75875
-84	-75	1041	1.1375	2.270625	1.089375
-57	-66	1020	12.586875	-0.23625	2.0475
-54	-38	1020	13.339375	2.5025	6.951875
-62	-29	1010	7.945	-1.929375	6.514375
-46	-26	1027	4.92625	-4.75125	6.628125
-51	-33	1024	1.54875	-3.478125	5.67
-47	-26	991	1.855	1.9075	3.688125
-60	-27	1027	0.4725	-2.93125	3.6925
-51	-27	1010	-1.35625	-2.795625	1.70625
-58	-30	998	-0.13125	0.109375	-0.04375
-88	-28	1006	-4.20875	-4.75125	1.9075
-110	-44	1022	-2.52	-11.729375	5.50375
-96	-30	1029	4.2525	-8.999375	9.66875
-95	-26	1022	10.714375	4.59375	12.210625
-210	-36	1029	-0.315	4.375	13.365625
-281	-5	1029	-0.805	2.113125	3.740625
-310	-6	1083	-2.515625	-5.635	5.285
-246	-1	1086	6.251875	-2.489375	5.11
-213	22	1008	5.070625	15.658125	12.166875
-168	7	933	-5.989375	19.5825	11.335625
-136	23	892	6.3	-6.243125	10.71875
14	-22	876	-8.351875	-17.513124	-3.66625
94	10	860	4.580625	-6.243125	-18.83
441	46	911	21.616875	-10.749375	-35.905624
485	-36	1010	18.125626	-35.450626	-30.415001
398	117	689	7.441875	-62.203751	-24.438749
404	6	1298	7.564375	-55.006874	0.459375
438	-9	1444	-4.361875	-17.696875	6.86875
380	-25	862	-9.1525	73.263748	11.45375
256	-40	928	-7.214375	80.898125	12.236875
157	54	1009	9.025625	17.688126	4.956875
143	18	1000	12.075	19.731251	7.28875
3	63	1000	1.25125	17.644375	-4.45375
7	56	952	-12.315625	-13.794375	-4.61125
-120	-34	1043	-33.880001	-24.145624	-13.755
-133	-15	1013	-36.452499	-13.680625	-11.47125
-249	-16	941	-17.766874	7.354375	-8.49625
-270	-76	974	-13.02	12.569375	0.686875
-293	-101	1010	-9.26625	6.969375	8.1725
-296	-77	1004	8.981875	14.27125	7.805
-258	-77	1042	20.146875	14.774375	5.683125
-184	-40	1017	11.475625	-5.455625	3.040625
-100	-10	1039	5.4075	1.596875	8.763125
-68	6	1087	3.066875	14.84	7.809375
-74	-3	1051	4.913125	8.929375	5.753125
-37	-5	945	3.5525	9.226875	0.35
-67	-20	1013	4.165	10.0975	-0.441875
-59	-18	974	-1.509375	5.228125	-5.683125
-80	-17	992	-1.04125	6.540625	-3.64
-69	-11	1013	1.0675	-1.0675	-2.708125
-50	-5	1032	0.6825	3.15875	-1.74125
-59	-17	1016	-3.38625	1.93375	0.590625
-60	-23	996	-2.96625	0.5425	2.52875
-58	-16	983	-2.331875	2.2575	0.791875
-72	-16	991	-3.36875	-4.650625	-1.973125
-74	-30	1008	-4.283125	-3.171875	-3.408125
-76	-39	1039	-6.8775	-5.971875	-2.4675
-69	-33	1027	-2.961875	-0.931875	-2.113125
-70	-33	1013	3.4125	3.78875	-1.65375
-70	-28	1009	1.25125	0.179375	-0.55125
-76	-27	1015	3.723125	-0.88375	2.17
-79	-25	1010	2.93125	0.669375	3.10625
-128	-43	1023	-0.13125	-1.89875	2.830625
-236	-60	1027	-0.97125	-6.453125	4.725
-314	-36	1095	4.921875	-17.17625	-3.465
-343	17	1106	12.99375	-11.108125	-4.195625
-354	-3	1055	5.3025	12.85375	3.075625
-332	7	974	-2.77375	16.051874	13.9125
-318	-7	967	8.649375	1.693125	14.09625
-250	-18	953	3.45625	1.360625	5.59125
-47	39	864	19.315624	7.69125	-5.026875
24	11	827	18.405624	5.026875	-13.829375
240	52	1144	41.833752	-44.156876	-20.5275
428	96	1133	44.594376	-11.85625	-11.659375
320	211	1058	-8.12875	23.235624	-22.89875
301	204	1048	-40.075001	-20.724375	-23.743126
190	31	1168	-35.415627	-30.988125	-7.214375
273	-41	1083	-15.273125	12.490625	-7.91875
286	13	1011	-1.96	35.625626	-9.060625
238	17	965	-15.973125	28.42	-5.464375
160	-29	1044	-0.643125	-10.653125	1.063125
177	-93	1085	-4.01625	-30.480625	4.2
156	63	961	12.25875	0.35875	12.534375
83	12	967	-14.844375	-9.209375	19.092501
-49	-40	982	-18.077499	-16.226875	14.293125
-10	55	991	-24.793125	-27.190624	1.369375
-89	53	1040	-31.723125	-16.625	7.7
-235	-18	944	-20.658751	29.036875	-16.043125
-232	-25	967	-24.863125	-24.535	-19.376875
-309	-71	967	-9.6775	-6.916875	-21.380625
-241	-104	1072	4.13875	-4.948125	-5.648125
-202	-136	1107	-6.055	0.83125	-2.79125
-155	-148	1065	3.136875	9.63375	-6.02
-78	-119	1053	-2.620625	17.836876	-0.616875
-75	-136	1064	-5.481875	16.620625	6.58875
-36	-137	1024	9.261875	16.196251	8.220625
-42	-98	1023	17.036249	11.501875	9.856875
-34	-81	971	21.13125	15.395625	8.010625
-60	-70	998	17.68375	6.654375	7.79625
-56	-54	996	11.099375	0.511875	5.04
-46	-46	994	2.856875	1.925	1.00625
-55	-43	1009	-9.65125	4.15625	-2.139375
-47	-30	987	-9.35375	-0.98875	0.231875
-58	-62	1029	-9.03	-0.476875	5.543125
-62	-67	1002	-1.693125	3.180625	5.263125
-58	-59	1008	-2.979375	-2.02125	4.0775
-51	-62	1032	-4.6375	-2.804375	1.325625
-49	-54	1007	-0.105	-0.660625	1.72375
-53	-65	1011	3.99875	-1.238125	0.84875
-51	-64	1010	5.394375	-1.86375	1.9775
-55	-62	991	2.23125	-0.135625	1.841875
-67	-62	1006	3.198125	-4.816875	0.1225
-78	-70	1027	0.76125	-9.375625	-0.415625
-179	-88	1046	-2.3275	-6.234375	0.170625
-289	-105	1096	4.8825	-6.02875	-0.2275
-321	-65	1069	25.786249	4.08625	-5.639375
-277	22	971	30.016874	13.776875	-2.84375
-263	-6	1044	19.928125	13.23875	-5.1625
-218	-28	971	2.89625	4.01625	-1.82
-141	-4	1034	-0.336875	8.413125	-0.44625
-55	-1	935	5.446875	-0.380625	-3.87625
-30	23	965	-1.570625	-7.28	-8.999375
63	79	855	-6.15125	2.42375	-5.81
158	11	886	-0.730625	-13.4575	-1.903125
334	-4	975	-2.279375	-5.95875	-2.80875
448	79	998	11.76875	-12.8625	-18.453751
323	130	1198	32.195625	-43.413124	-3.5175
289	32	1295	46.291874	-50.535625	9.358125
389	100	1166	5.796875	11.160625	-4.195625
322	88	939	-35.223125	65.830627	-9.025625
243	27	995	-29.360624	46.532501	-2.970625
90	80	1066	-12.674375	14.5075	-1.84625
150	11	999	-29.120001	12.11875	0.984375
-16	-54	933	-41.321877	-27.825001	-8.920625
25	-54	1128	-23.905001	-82.39875	-27.164375
25	-21	1075	-4.7425	-52.355625	-12.04
-52	-60	983	-6.64125	40.376877	3.57875
-179	-119	886	2.9225	41.685001	6.965
-211	-74	953	-20.956249	5.411875	2.498125
-234	-124	924	-53.764374	-1.666875	12.166875
-258	-176	977	-39.401249	22.404375	0.63
-249	-189	913	-21.157499	11.38375	-4.291875
-216	-202	959	9.638125	5.866875	-8.448125
-99	-190	1088	38.43	15.435	-7.37625
-36	-162	1133	27.93	5.74875	-4.12125
-21	-78	1021	15.365	28.9275	5.3025
-58	-69	1010	-1.9075	22.7325	12.95875
-68	-68	998	2.419375	11.24375	15.561875
-80	-94	1030	0.35	8.79375	15.925
-83	-86	1064	5.000625	-5.355	15.159375
-90	-75	1022	16.743126	13.566875	12.1275
-93	-50	974	15.16375	4.33125	5.070625
-93	-46	972	5.490625	3.28125	0.5425
-93	-48	1002	-0.599375	4.2525	0.5425
-94	-65	1006	-0.63875	0.704375	1.544375
-110	-63	1011	10.52625	1.955625	2.03
-105	-48	1038	10.4825	-6.181875	0.37625
-95	-34	1025	2.37125	1.439375	-1.19
-116	-33	1012	2.559375	6.3525	-1.58375
-88	-27	1012	-1.045625	-3.66625	0.55125
-98	-35	1027	-3.049375	-0.41125	4.375
-96	-40	1011	1.920625	5.5825	5.788125
-92	-39	995	1.51375	1.14625	4.54125
-87	-40	996	-0.529375	-1.658125	3.77125
-102	-36	1006	0.126875	1.649375	2.261875
-98	-37	1011	0.035	-0.161875	1.474375
-109	-28	989	-3.924375	0.245	2.09125
-121	-26	993	-5.4775	2.31	2.804375
-135	-49	1001	-8.11125	0.188125	3.3775
-115	-32	995	-2.03	2.874375	6.79875
-107	-47	1018	1.84625	1.045625	12.25875
-90	-31	1008	4.90875	4.571875	18.865
-56	-27	1011	8.6625	-2.655625	18.335625
-92	-31	1029	9.555	-10.3425	14.975625
-94	-27	1007	8.343125	-24.184999	3.530625
-162	-21	1054	7.100625	-17.688126	-7.95375
-278	9	1020	7.249375	-21.713125	-23.59
-372	13	1020	12.490625	-38.57	-27.282499
-398	2	1068	24.674999	-35.415627	-26.429375
-289	6	1073	20.965	-3.583125	-21.791876
-170	9	1020	10.565625	12.73125	-8.806875
-1	16	935	4.974375	16.883125	-7.945
194	26	951	-24.35125	24.425625	-3.163125
220	-31	1001	-23.375626	-10.556875	-19.424999
367	82	1087	-5.543125	5.48625	-15.855
322	105	1042	17.036249	-8.273125	-5.2325
254	29	1047	15.141875	-5.394375	6.426875
260	98	1069	8.60125	-14.573125	3.8325
313	95	1016	-5.39	-9.051875	15.82875
279	91	986	-17.43	20.86875	13.93875
138	17	953	-11.99625	16.331875	15.605625
212	24	1080	-14.5775	-4.405625	3.688125
121	93	1017	-2.445625	8.21625	10.36
144	-8	966	-14.875	28.730625	4.466875
-163	10	932	-7.713125	23.331875	-1.6275
-231	-55	862	5.565	-34.733124	-8.5225
-280	-5	915	3.395	-62.951874	-8.91625
-244	24	1089	9.008125	-25.17375	-5.989375
-144	25	1058	1.8025	18.834375	14.0875
-155	29	1131	28.0525	54.232498	25.020624
-224	131	1077	3.01	54.162498	22.959999
-142	28	1071	-44.677502	27.960625	-11.458125
-71	-89	1039	-15.33875	20.768126	-7.56875
-79	-73	997	-3.758125	20.811874	1.369375
-114	-67	1036	9.66875	17.906876	3.47375
-129	27	1037	-5.630625	0.301875	4.99625
-137	38	1007	-3.50875	9.384375	-0.608125
-150	34	1028	2.235625	3.92	-9.209375
-130	20	1024	-0.79625	3.075625	-19.385626
-103	-52	998	0.35875	-1.850625	-10.15
-122	-70	978	-9.37125	0.98	-4.213125
-138	-48	989	-1.553125	5.954375	7.5075
-143	-25	983	5.298125	-11.265625	10.189375
-129	23	1033	14.056875	-8.995	8.6275
-152	34	1158	-32.41	-22.868126	8.220625
-45	-78	985	-42.004375	14.67375	7.188125
-160	-85	953	-16.358126	6.1775	16.983749
-81	-34	952	7.28	-11.82125	-0.564375
-90	-35	1017	13.706875	-9.8	7.861875
-91	-39	1043	16.008125	-2.646875	3.89375
-56	-7	1037	10.513125	0.315	0.765625
0	-24	1087	-1.86375	1.658125	0.46375
44	-42	1134	-10.845625	10.78875	14.818125
105	-52	1051	-20.71125	17.71875	15.9425
72	-73	985	-24.705626	1.115625	25.423124
47	-72	888	0.065625	11.055625	17.184999
58	-27	833	6.418125	-8.14625	17.250626
-16	-4	971	-7.7525	-22.95125	11.746875
34	-65	1014	-27.25625	-35.319374	-0.70875
59	-75	973	-28.376249	-22.12875	-0.844375
23	-159	959	-37.839375	-8.81125	-15.61
-45	-152	1031	-17.749374	-16.804375	-18.19125
-163	-153	1046	-12.52125	-18.046875	-23.940001
-253	-213	1001	19.285	-12.009375	-1.194375
-448	-84	1052	52.771252	25.252501	9.874375
-456	-64	1100	47.372501	-2.5375	14.2275
-349	-31	1014	11.554375	-47.451248	5.60875
-321	-20	1071	4.046875	-13.295625	-3.89375
-303	-56	1101	-10.801875	-19.530001	-6.6325
-269	-51	1023	-18.751249	-5.08375	-5.411875
-193	-74	956	-9.8	12.481875	-9.821875
-127	-101	975	3.854375	37.366875	-14.179375
-155	-63	965	38.023125	62.037498	-0.686875
-74	-9	917	26.442499	21.310625	-13.23
37	-72	1079	14.363125	-15.614375	-15.456875
39	12	987	6.48375	18.834375	5.64375
170	-20	1050	-18.61125	7.940625	8.168125
167	-50	1114	-13.103125	-18.965626	3.828125
195	-45	1098	-13.67625	-10.5175	-0.90125
146	-46	1052	2.065	-10.0625	-4.904375
117	-27	1036	-8.14625	-7.223125	-12.061875
62	-31	990	-4.20875	-3.548125	-12.359375
2	-37	1009	1.18125	-4.73375	-8.964375
-6	-46	1005	1.938125	-7.6475	-7.818125
-10	-39	1023	7.581875	-8.6625	-7.7
-4	-19	1043	6.43125	4.655	-0.3675
-1	-20	1016	-0.11375	5.53	8.96
-33	-32	1006	1.973125	4.869375	10.47375
-32	-41	1012	1.2075	2.200625	4.116875
-48	-36	1013	3.57	2.953125	-0.945
-36	-37	1005	5.355	1.32125	-4.68125
-31	-27	1025	4.344375	-0.441875	-4.27875
-28	-17	1033	0.04375	6.5625	-4.003125
-42	-17	1019	-4.935	4.493125	-1.561875
-46	-30	1012	-3.3775	2.428125	0.46375
-43	-37	1034	-2.471875	2.7825	1.09375
-49	-42	1007	-2.275	1.645	0.476875
-41	-31	1010	1.789375	2.830625	0.805
-36	-21	1009	3.9375	3.180625	2.695
-49	-31	1008	4.0425	1.5925	2.14375
-42	-15	1022	8.4	-0.07875	5.131875
-47	-11	1030	5.69625	0.77	2.975
-47	-11	1010	2.35375	0.3325	-0.958125
-50	-10	991	-5.341875	3.364375	-1.9775
-47	-24	989	-10.2025	-0.905625	-1.995
-81	46	1022	-3.56125	2.043125	-11.580625
-26	-44	1061	6.803125	8.561875	-2.708125
-5	9	1045	0.170625	-4.799375	-2.576875
110	-43	1096	1.19	-4.20875	6.365625
156	11	1116	-8.3125	-19.442499	13.181875
148	45	961	2.419375	-11.87375	23.996876
125	-6	1002	10.56125	14.354375	30.874374
81	-33	927	4.76	-15.719375	18.948126
154	2	1014	20.531876	-42.984375	22.338751
103	-15	1033	10.661875	-28.035	35.581875
20	-44	1016	-5.22375	14.818125	29.456875
-39	-12	1016	-15.281875	-5.175625	10.810625
-22	-56	1033	-28.748125	-14.55125	-13.71125
-41	-80	1020	-28.581875	-12.67875	-15.159375
-67	-131	991	-21.72625	2.708125	-21.078751
-195	-100	987	-0.74375	10.924375	-25.650625
-210	-29	985	-7.135625	16.975	-37.799999
-184	-41	1023	-11.064375	0.9625	-24.045
-243	-29	1040	1.12	9.821875	-7.240625
-322	-13	1009	14.818125	5.473125	-1.715
-323	-31	1067	17.33375	9.00375	-2.695
-301	-16	989	18.147499	9.314375	0.266875
-174	-73	930	8.6975	13.479375	5.035625
-169	-76	1025	4.300625	43.474377	23.91375
-176	-29	1037	-16.034374	19.936874	29.868126
-145	-107	958	-1.255625	26.10125	16.148125
-94	-47	1047	34.129375	38.696877	-0.315
-109	6	1070	25.563126	28.853125	-9.8525
-8	4	1017	16.07375	-21.004375	-16.629375
57	33	1004	13.4225	-5.613125	-11.13875
107	62	996	15.81125	0.004375	-3.206875
62	75	1114	-6.951875	-13.9825	17.22875
81	10	1037	-13.2125	-10.15	8.6625
78	2	1058	-13.99125	4.930625	1.295
58	7	1033	-15.82	-3.154375	2.17
-11	-4	1038	-5.245625	-19.766251	7.485625
14	-19	997	-5.621875	-29.793751	0.774375
6	-23	1003	-3.64875	5.18	-0.266875
-29	-16	1016	1.51375	-6.5975	-7.6475
-27	2	1021	-3.145625	-4.230625	-12.210625
-18	-28	1000	0.56875	-3.443125	-4.178125
-34	-12	1019	-2.104375	-3.723125	-2.506875
-40	-11	1020	-1.49625	-1.16375	-0.170625
-55	-13	1005	0.546875	3.740625	0.07875
-31	-10	1006	3.5	3.233125	0.441875
-50	-20	1015	-2.620625	-2.05625	0.853125
-27	-8	1031	1.575	-5.78375	-0.573125
-33	-2	1019	4.720625	2.58125	0.245
-24	-1	1020	2.7825	1.019375	0.048125
-41	-2	1020	3.863125	1.0675	-1.86375
-32	12	1026	2.751875	0.126875	-4.375
-28	4	1017	-1.8025	2.10875	-2.104375
-23	5	1016	-1.001875	2.900625	-0.223125
-28	3	1020	-1.855	6.51875	0.888125
31	-2	1057	-3.854375	2.480625	5.018125
85	6	1084	-9.445625	1.51375	3.5
154	-20	1099	-10.714375	-1.40875	0.42
197	-34	1008	-12.36375	12.866875	0.389375
199	-49	962	-19.464375	0.4725	-1.575
144	-84	1002	-30.887501	-10.679375	5.88875
51	-106	1008	-21.494375	-7.48125	3.36
19	-102	1066	-8.26875	6.36125	-5.1275
-22	-87	1011	-7.721875	5.69625	-12.04
-8	-105	972	3.31625	-8.308125	-7.196875
-139	-93	939	1.474375	-19.13625	17.858749
-86	-127	982	15.02375	-9.59875	24.219999
-169	-20	990	11.375	-5.425	20.776875
-242	11	965	10.22	0.616875	3.85875
-216	3	983	16.51125	6.2125	-14.23625
-301	41	1048	11.213125	0.88375	-40.171249
-280	6	1081	6.0025	-1.028125	-26.809999
-335	12	1126	1.715	-1.964375	2.279375
-304	13	1047	8.430625	-1.990625	19.03125
-260	-9	1009	19.464375	5.55625	21.170626
-259	4	1016	18.838751	4.685625	17.9025
-186	-38	971	26.311251	-7.28	14.9625
-112	-24	883	18.497499	26.455626	14.118125
-134	49	1011	3.85875	56.721874	4.405625
-92	40	1076	-38.482498	-8.86375	-14.354375
21	-25	1001	-46.169376	-33.123123	-31.045
257	-132	1009	-2.445625	-18.108126	-26.809999
152	-22	1016	34.593124	-3.276875	-16.506874
197	20	1033	25.773125	-5.11	-19.936874
187	54	1057	21.686874	-11.668125	-10.4825
171	94	1062	-0.46375	-4.606875	-5.1975
123	58	1060	-22.780624	5.403125	0.42875
86	52	1044	-25.59375	4.274375	4.825625
21	20	1034	-11.256875	9.0125	4.78625
17	8	987	2.209375	4.62	-2.66875
-3	20	990	3.255	1.6275	-5.46875
-1	19	1014	6.409375	-3.92875	-1.12875
-8	13	1011	8.964375	-4.64625	5.096875
-46	19	1022	3.52625	-1.435	5.495
-28	6	1023	1.715	-0.945	1.7325
-34	17	1000	-5.11	-0.83125	-4.326875
-25	9	1036	-8.015	-3.5	-8.693125
-14	11	1018	-6.444375	-4.26125	-9.830625
-9	1	1024	-7.14875	-3.626875	-4.24375
-11	-3	1033	-0.713125	-5.823125	0.686875
-22	-26	1009	-1.54	1.42625	3.3775
-21	-10	1027	2.00375	2.485	2.8875
14	-5	1009	1.84625	2.900625	-0.319375
46	-2	1023	0.34125	10.61375	-3.224375
123	-4	1049	-7.223125	10.4475	-3.180625
112	6	1079	-16.804375	20.628124	3.64875
100	4	1085	-11.379375	16.874374	8.176875
119	-19	1062	-12.95	15.176875	12.140625
123	-50	1210	-8.850625	3.941875	3.52625
89	-19	825	-2.314375	0.835625	-0.86625
78	-82	995	-1.89	-1.623125	0.8225
-31	-52	991	3.005625	-6.776875	-7.48125
-16	-4	955	2.8	-9.31	-13.685
9	-26	943	-5.070625	-17.29875	-12.50375
0	-51	1021	-7.945	-27.9125	1.65375
-18	-91	956	-15.75	-16.546249	18.62875
-171	-99	938	-1.973125	8.946875	22.911875
-360	-29	980	11.57625	3.75375	-0.083125
-357	21	1062	25.685625	9.226875	-11.361875
-430	64	1115	29.850624	16.401875	-12.525625
-407	34	1163	14.800625	-21.660625	-2.148125
-349	15	1118	5.280625	-22.045626	0.249375
-290	3	1071	2.2225	0.3675	2.585625
-302	19	1067	-12.9325	0.686875	1.054375
-210	-1	1031	-28.7875	-21.914375	-6.628125
-78	-63	1024	-14.354375	0.02625	-3.635625
-33	-54	988	-3.14125	21.035	5.009375
-13	-2	926	-11.305	14.083125	4.904375
35	-41	910	-12.901875	19.08375	-4.125625
61	-13	980	-23.266251	5.7925	-11.515
163	-65	850	-4.29625	-1.885625	-24.451876
240	-28	871	8.98625	-4.143125	-31.184999
294	-83	1059	28.126875	18.195625	-5.80125
200	-28	1112	27.663124	11.94375	9.769375
149	-46	1132	20.908125	-3.994375	14.4375
107	-6	1109	1.9075	6.545	19.893126
23	-35	1070	-5.04	9.454375	25.59375
-49	-18	1012	2.629375	7.14	16.17
-34	-4	965	6.895	7.84	9.37125
-55	7	989	4.59375	1.938125	5.1625
-53	16	1022	5.5475	-8.570625	0.49875
-41	30	999	6.46625	0.809375	1.106875
-42	11	995	4.9875	7.634375	-2.8525
-46	30	1030	5.814375	10.136875	-1.220625
-66	15	1019	2.765	0.083125	-4.160625
-46	6	1016	-4.03375	-2.205	-5.945625
-59	22	1036	-8.903125	-3.4825	-5.145
-49	17	1016	-7.459375	-4.0425	-5.945625
-41	15	1009	-5.551875	2.025625	-3.443125
-47	5	1021	-2.279375	-0.643125	-1.995
-53	-1	1016	0.879375	-0.205625	-1.365
-62	-5	1023	1.9775	-0.2625	-0.09625
-56	13	1023	1.701875	-0.9275	-2.174375
-51	10	1025	-0.86625	-3.19375	-4.62875
-54	12	1003	-1.32125	0.293125	-4.615625
-44	26	995	-1.903125	-5.551875	-1.16375
-66	-5	1012	0.07	-5.429375	4.85625
-99	-3	1063	2.078125	-3.84125	5.639375
-230	-23	1071	2.638125	5.551875	2.996875
-309	10	1082	-0.1225	-4.2175	-5.158125
-340	-4	1106	-4.585	-8.981875	-12.166875
-279	-15	1094	0.091875	-13.57125	-12.45125
-201	-19	1033	-6.269375	27.23875	-12.998125
-107	-16	1002	7.7175	33.547501	-15.526875
-76	-3	1013	-7.809375	27.37875	-12.11
-43	27	981	-19.630625	33.013748	-6.9825
-41	76	924	2.17	28.245001	-3.9725
33	91	850	-9.174375	25.549999	-1.098125
67	35	845	-31.543751	13.6325	-10.87625
180	-14	1001	-44.134998	13.986875	-31.425625
108	-104	1105	-30.502501	-12.823125	-29.785
93	-108	1160	-2.94875	-25.318125	-14.774375
107	-125	1126	12.578125	-6.461875	1.264375
120	-165	1115	30.804375	1.88125	8.386875
195	-75	1093	44.695	17.622499	6.461875
78	-57	1034	34.724377	4.87375	-1.4525
72	-47	1076	3.163125	-15.474375	-0.380625
9	-73	965	-21.931875	-31.26375	-14.21875
-25	3	920	-21.336876	-34.116249	-22.356251
-76	-56	880	-28.844376	-39.8825	-34.908127
-131	7	921	-27.2125	-34.37875	-35.32375
-220	-38	951	-19.578125	-36.150623	0.11375
-123	-51	1067	8.159375	-30.375626	27.264999
-173	-87	1150	46.48875	-15.05875	40.783749
-159	-55	1050	38.543751	8.281875	41.422501
-121	-21	1061	18.803749	11.90875	34.461876
-124	-45	1046	7.310625	9.366875	14.686875
-99	-32	1046	-4.64625	13.278125	-11.939375
-51	-48	1005	-5.026875	7.511875	-21.8925
-14	-27	991	-4.4975	6.7025	-23.905001
5	-35	995	-4.029375	-3.01	-17.810625
8	-13	1004	-9.63375	-6.60625	-17.950624
-4	-29	998	-5.53	-5.569375	-9.38875
3	-57	1025	-2.576875	-1.09375	-5.4075
-9	19	1061	12.34625	12.140625	15.238125
1	-7	997	16.288124	6.15125	14.07875
7	7	1026	12.71375	3.61375	5.613125
5	5	1008	10.136875	-5.74	1.855
0	7	1018	3.99	-2.7125	-0.249375
-7	11	1009	2.410625	2.23125	0.5075
-7	6	1027	5.053125	-5.009375	-0.118125
9	15	1032	4.9525	0.98	-1.115625
2	20	1028	3.7275	-3.119375	-0.58625
4	22	1005	1.596875	3.70125	-3.189375
3	18	1010	-3.670625	3.43	-3.33375
-4	16	1007	-4.808125	0.249375	-3.6225
-3	17	1006	-2.419375	-0.35	-2.49375
-8	9	1022	-0.9625	0.3325	-1.60125
-17	20	1006	4.274375	1.036875	0.62125
-15	23	1019	5.070625	-5.78375	0.98875
-18	35	1021	6.3175	-0.118125	2.804375
-20	31	1027	4.57625	-3.77125	3.906875
-38	24	1042	-2.051875	3.14125	3.416875
-120	22	1017	-7.161875	-4.195625	1.30375
-171	19	1023	-9.961875	2.725625	-5.7925
-214	8	1020	-15.010625	10.915625	-12.674375
-172	-14	1026	-19.035625	14.84	-20.25625
-118	11	1084	-15.203125	14.105	-15.32125
-106	-37	1040	2.961875	7.13125	3.59625
-84	-62	1003	6.475	23.89625	-13.36125
216	204	968	14.774375	29.850624	0.65625
-17	26	995	13.908125	0.441875	8.63625
14	27	983	10.2025	27.6325	24.775625
19	-2	950	3.1325	22.00625	33.845001
53	39	1022	-11.991875	6.426875	27.702499
123	-11	984	-21.516251	1.35625	16.66
140	-4	1077	-30.126249	-14.494375	0.4025
147	-41	1102	-29.833124	-32.755627	-9.988125
204	-59	1107	-2.61625	-18.615625	-12.254375
230	-35	1120	7.79625	-10.3425	-8.010625
187	-62	993	11.1825	8.75	-1.920625
157	-40	967	9.38875	10.3775	-3.915625
101	9	932	5.306875	5.753125	0.800625
87	-39	1002	0.5425	-1.080625	9.47625
23	37	1017	2.069375	-0.459375	16.07375
22	-31	904	-11.449375	-5.9675	35.826874
-123	-34	964	-1.745625	-12.52125	36.592499
-146	-27	1026	-17.456249	3.023125	8.9425
-162	-54	982	-27.225624	-17.740625	-8.70625
-194	-19	1035	-21.21875	-11.7425	-14.293125
-231	-104	1014	-13.916875	22.605625	-11.57625
-218	-46	1013	5.04	13.794375	-14.704375
-162	-80	966	10.381875	-0.98	-11.8825
-151	-45	1052	20.671875	11.57625	-4.948125
-156	-39	1088	16.467501	15.015	-1.596875
-99	-51	1000	1.045625	-30.205	0.65625
-48	-59	1034	2.68625	-24.911249	0.035
-2	-35	1048	-3.014375	-5.359375	-2.905
-18	-51	985	-7.6125	3.21125	0.0525
-50	-49	990	1.028125	1.456875	1.0675
-20	-48	1018	10.00125	-6.155625	2.28375
-27	-45	1024	13.755	-7.721875	6.57125
-26	-29	1025	6.20375	-4.3225	7.546875
-27	-29	1019	0.21875	-1.25125	7.48125
-24	-34	1006	1.343125	0.074375	5.845
-22	-21	1015	3.395	-0.455	4.1125
-13	-11	1011	5.25875	-4.003125	6.37
-26	-1	1034	11.96125	-4.326875	10.78
-12	-11	1019	12.770625	-2.419375	15.435
-33	5	1033	14.109375	-2.98375	21.065624
-32	18	1012	10.259375	2.72125	20.724375
-58	24	1031	5.46	1.238125	18.090626
-66	34	1031	3.64875	3.40375	10.976875
-114	64	1014	3.6225	4.379375	5.971875
-170	64	1012	-1.579375	-2.848125	-1.159375
-179	36	1056	-7.63875	-5.263125	-1.614375
-150	4	1062	9.629375	-1.579375	-2.314375
-121	50	1052	17.530624	15.553125	-1.81125
-123	33	1004	18.66375	17.416876	-6.873125
-81	97	1000	18.755625	17.198126	-1.91625
-61	67	873	-0.161875	5.928125	-5.525625
12	94	947	5.175625	-8.5925	-7.8225
15	83	942	-12.39	0.459375	-2.541875
128	59	938	-20.2125	23.848125	-6.330625
181	70	984	-33.263126	9.996875	-5.026875
226	-12	1040	-25.738125	-0.835625	-21.008751
307	-18	1058	-2.804375	-2.61625	-13.7375
255	-23	1106	-3.294375	1.14625	-7.415625
270	-47	1133	-2.47625	-5.55625	-10.675
306	-40	1189	-10.801875	19.985001	-11.57625
197	-52	992	-1.3475	5.8275	-19.779375
211	-18	999	9.38875	4.97875	-10.941875
152	51	1052	7.336875	-13.7725	-2.58125
81	-38	995	9.94875	-34.111874	36.509377
-12	25	934	10.941875	-6.5625	19.1625
-68	15	1045	-7.11375	-24.740625	6.79875
-93	25	994	-9.6075	-16.1	-11.449375
-159	9	1008	4.248125	18.8125	-13.99125
-225	56	900	1.6275	38.460625	-15.3825
-266	50	971	-12.753125	8.561875	-6.479375
-282	17	1129	-12.3725	-27.558125	-6.405
-165	-18	1133	10.6925	-15.990625	-11.493125
-121	13	1092	5.27625	20.348125	-14.72625
-85	-11	988	-0.735	4.974375	-6.164375
-72	2	1034	9.58125	-7.875	5.271875
-66	27	1016	8.290625	6.680625	4.300625
-44	15	981	-5.87125	4.2525	1.404375
-53	31	1001	-13.269375	-1.631875	-1.150625
-40	4	998	-7.931875	-1.133125	-5.4075
-31	12	1019	0.424375	2.961875	-5.193125
-22	-2	1039	7.039375	2.3975	-2.03
-16	20	1027	7.739375	7.721875	-0.0875
-9	41	1009	7.18375	3.99875	0.97125
0	23	1015	1.28625	3.395	-0.34125
7	14	1039	-1.61	-0.179375	-1.1025
-2	28	1039	-3.084375	2.253125	1.596875
-14	16	1003	3.99	1.53125	7.21
-30	26	1000	7.23625	2.436875	8.1725
-25	38	1000	3.57	0.581875	6.37875
-26	28	1008	-2.975	-1.3475	3.539375
-22	33	1028	0.77	-4.62	0.77
-17	35	998	0.161875	2.681875	-1.500625
-17	39	980	2.63375	-0.60375	-1.176875
-9	46	1036	0.6475	-5.27625	-2.05625
-15	43	1025	1.82875	-1.273125	0.34125
-23	31	1001	-0.385	-1.39125	2.191875
-22	36	1026	-3.6925	-2.31875	2.02125
-31	18	1019	-3.28125	-3.591875	1.365
-34	27	1027	3.093125	-2.008125	-1.981875
-41	42	1018	4.66375	3.749375	-5.123125
-53	43	1024	6.755	-6.22125	-1.763125
-111	45	1040	-4.108125	-6.470625	4.624375
-167	33	1061	-5.29375	-5.149375	5.74875
-260	28	1078	-1.04125	-5.67	1.96
-204	29	1060	-0.870625	-1.6275	-7.0525
-165	51	1039	0.196875	1.098125	-7.686875
-153	45	1012	2.52875	16.178749	-5.3375
-131	38	975	5.25	16.200624	0.546875
-61	19	1010	-21.538124	0.415625	7.406875
34	46	1008	-16.480625	17.29875	5.80125
37	50	980	-20.103125	18.55875	3.023125
121	-23	956	0.34125	14.441875	5.36375
74	41	987	4.571875	15.316875	8.325625
148	22	997	16.75625	9.59	2.485
235	26	1004	18.54125	-14.573125	4.9875
279	38	1055	8.133125	-19.41625	10.24625
230	23	1107	16.821875	-8.133125	15.203125
231	-16	1086	21.774376	14.879375	0.79625
206	51	1048	19.928125	25.326876	-14.258125
129	52	997	9.716875	26.2675	-21.122499
165	48	1043	-0.599375	1.981875	-17.0975
94	74	1006	-12.46875	-14.406875	-5.46875
91	2	1006	-12.123125	-14.931875	27.251875
-69	24	1028	-4.423125	1.491875	20.553749
-53	65	945	4.90875	-0.13125	21.669374
-130	80	976	11.41875	-20.921249	19.481874
-112	110	988	9.00375	-3.443125	12.25875
-179	186	1029	11.655	0.9625	7.9275
-231	151	1096	3.775625	-20.203751	4.195625
-215	146	1020	3.92875	-6.750625	4.834375
-221	144	1031	-8.365	-14.651875	-5.875625
-251	102	1054	-21.406876	-2.970625	-29.469999
-131	80	1027	-11.97875	3.5875	-36.872501
-97	69	977	-1.911875	16.817499	-18.379375
-101	52	989	-6.18625	5.99375	-14.11375
-58	75	1022	6.715625	-4.930625	-5.425
-31	67	1024	4.965625	-12.446875	6.69375
-50	64	1035	7.144375	0.310625	9.6425
-44	69	1015	8.894375	-7.914375	13.566875
-38	71	960	1.999375	-0.905625	11.50625
-26	103	1040	8.44375	1.894375	6.164375
-11	107	1040	7.424375	-0.406875	6.181875
-3	123	1027	-0.95375	3.793125	5.508125
-9	100	1025	0.503125	1.264375	4.4625
-7	94	1005	-4.274375	-0.293125	3.07125
-8	79	998	-4.36625	4.239375	3.084375
-16	69	993	-6.7725	4.178125	3.066875
-20	72	999	-3.154375	-0.424375	1.754375
-17	82	1000	-1.448125	-2.5025	-2.58125
-16	95	1008	-3.01875	4.585	-4.633125
-13	96	1009	-8.33875	-4.580625	-5.01375
-14	84	1021	-10.22875	-2.305625	-3.233125
-22	71	1013	-10.59625	2.14375	-0.88375
-31	56	1005	-10.679375	-6.698125	0.95375
-43	51	1006	-9.59875	0.441875	1.903125
-71	39	1020	-9.19625	-4.47125	2.069375
-152	17	1062	-13.29125	-3.714375	-7.6125
-204	19	1049	-4.235	6.050625	-23.813126
-212	71	1069	-2.905	-4.025	-24.390625
-186	49	1055	-6.51875	0.450625	-13.864375
-199	54	1049	-7.5075	23.922501	-0.310625
-188	37	1023	4.305	12.60875	8.35625
-132	59	990	4.1825	10.00125	17.688126
-106	38	1004	8.098125	12.285	20.991249
-50	40	1024	-14.1925	-11.449375	12.5825
40	63	964	-13.30875	5.341875	3.40375
74	-9	977	-21.11375	-20.055	5.39875
163	-28	931	-17.508751	-2.576875	0
176	-59	1023	-34.34375	-8.65375	-7.581875
265	-35	1007	-37.270626	-17.596251	-21.118126
314	-72	1029	-11.545625	-8.72375	-4.99625
243	-149	1073	-16.078125	33.731251	-4.904375
241	-143	1057	-9.40625	23.051874	-10.425625
212	-160	1118	1.435	23.91375	-25.519375
229	-125	985	6.65875	22.09375	-20.9825
146	-154	979	-2.3625	10.75375	-2.52875
161	-147	1012	18.501875	-3.31625	1.68
95	-89	961	44.121876	9.734375	12.306875
-1	-86	968	49.105	7.245	12.254375
-43	-20	971	34.041874	-7.161875	-5.096875
-108	32	1000	-0.86625	-50.649376	-8.30375
-161	20	1040	-14.28875	-15.824375	-24.626875
-189	72	1002	-31.390625	-3.7275	-23.379999
-115	51	1068	-37.66	-43.557499	-20.006874
-137	-34	1085	-29.623125	-17.329374	-12.005
-149	-61	1012	-11.43625	5.87125	-4.729375
-168	-75	1040	-7.170625	-1.68875	8.815625
-191	-114	1020	-15.46125	5.53	3.28125
-114	-124	1000	-5.053125	0.53375	-9.415
-78	-107	978	12.32	12.3725	-4.26125
-36	-98	1008	19.788124	12.69625	6.44875
-16	-85	1028	24.268126	4.011875	18.4275
-27	-57	965	23.489374	4.025	23.174376
-14	-44	1023	14.039375	8.5575	15.981875
-21	-50	994	11.73375	7.09625	9.830625
-31	-30	1021	2.45875	1.72375	2.393125
-27	-27	1007	2.37125	-0.37625	-1.11125
-14	-30	1026	-1.09375	3.38625	1.085
-23	-10	1035	4.13	-3.1325	3.854375
-20	-4	1000	2.1875	5.709375	3.38625
-32	-8	1025	0.21875	-1.47	3.294375
-17	-8	996	-2.765	2.2925	1.911875
-28	-11	1034	-2.139375	-2.191875	1.483125
-22	-12	1020	1.9425	0.030625	4.08625
-27	-12	1001	-2.44125	2.19625	4.08625
-30	-23	1036	4.795	-2.200625	4.213125
-18	-24	1023	0.319375	-1.281875	4.55875
-42	-13	1019	4.335625	3.42125	1.5225
-34	-11	1009	3.941875	0.1925	-2.839375
-31	0	1019	0.91875	-4.029375	-1.903125
-29	-9	999	-2.025625	-2.05625	-0.800625
-33	-10	1019	-0.634375	4.97	-1.728125
-51	-20	1015	-1.30375	-0.844375	-2.1525
-88	-13	1008	-2.12625	-4.3575	-2.98375
-124	-14	993	1.570625	-2.72125	-4.396875
-218	6	1047	16.200624	3.2025	-0.62125
-267	-33	971	23.130625	24.171875	-3.198125
-184	59	1081	9.96625	-10.84125	19.473125
-206	69	1054	40.643749	6.969375	29.190001
-246	113	1037	41.002499	17.928749	30.261875
-246	129	1014	32.160625	11.2	34.321877
-202	105	930	15.14625	-1.316875	24.093124
-116	61	870	-1.771875	-3.0975	-5.39
42	97	1062	1.378125	-1.325625	-17.92
205	96	1040	-25.895624	42.249374	-10.535
69	67	966	-31.24625	81.628754	-20.895
178	152	1084	-47.674374	41.540627	-26.6175
158	81	1102	-34.965	-20.370001	-29.964375
179	-12	1140	-16.979376	-50.771873	-22.688749
209	-47	1163	-20.076876	-16.918125	-20.37875
191	-75	1045	-11.676875	8.3825	-21.8925
190	-80	974	-23.77375	-15.019375	-9.559375
141	-109	973	-20.024376	-6.190625	-4.055625
3	-61	961	4.790625	-17.373125	8.080625
-11	-91	937	4.580625	-22.286249	13.085625
-66	26	982	2.489375	-32.9175	8.316875
2	-46	1044	-11.62875	-31.819374	4.353125
-42	9	1017	-8.701875	-14.06125	6.496875
-111	-22	1020	1.238125	12.74	0.37625
-212	-28	973	1.96875	10.07125	14.643125
-267	-39	979	3.465	10.56125	11.834375
-292	-44	1026	22.51375	-1.95125	0.035
-231	-60	1029	28.77	5.285	-13.58
-215	-29	1053	8.75	-0.625625	-12.691875
-148	-49	1050	0.34125	-7.6825	-10.889375
-85	-51	1052	2.2225	11.62875	-1.575
-68	-35	1040	-5.280625	6.496875	5.464375
-51	-18	1048	1.9775	21.20125	11.913125
-73	-4	1010	-0.76125	9.996875	12.11
-62	-7	1026	-0.7	6.103125	13.243125
-78	-12	972	-2.463125	4.440625	10.084375
-74	-4	999	0.546875	-0.49	3.136875
-85	-8	1006	-5.4775	0.44625	-0.695625
-84	-3	995	-1.79375	4.585	-4.878125
-104	-2	1014	-7.4725	-0.389375	-9.09125
-63	-16	1013	-0.765625	1.925	-9.73875
-54	-36	1007	-1.159375	2.9225	-6.820625
-24	-47	1047	-2.52875	1.93375	-0.240625
-28	-50	1012	-9.025625	0.9625	10.836875
-23	-21	1021	-5.831875	5.674375	7.735
-71	-44	1017	-4.248125	-0.7	0.97125
-62	-40	992	-2.38	0.105	-6.838125
-58	-41	1016	-3.26375	-2.865625	-9.54625
-28	-47	1054	-3.416875	-9.751875	-7.266875
35	-62	1087	-0.975625	-3.766875	0.385
69	-50	1051	-8.631875	4.095	11.554375
78	-31	1026	-6.51	6.15125	19.565001
98	-36	977	-9.786875	7.91875	25.13875
74	-39	968	9.095625	-7.301875	28.5425
134	-66	1033	11.36625	-16.24	29.251249
76	-75	957	5.13625	-1.246875	35.883751
62	-52	981	1.220625	12.5125	32.821251
-59	-84	965	-11.85625	-14.49875	40.923752
-55	33	1008	-6.37875	-22.579374	9.034375
16	125	1173	1.964375	-4.9175	-24.75375
-144	-88	998	-15.211875	-12.39875	-41.877499
-271	-62	1001	-20.6325	-2.078125	-41.243126
-273	-92	983	-7.888125	-22.806875	-23.450001
-260	-118	1053	-1.4875	22.00625	-1.054375
-336	-80	1025	-1.185625	7.315	9.66
-296	-96	1052	12.586875	-14.153125	17.28125
-300	-39	1079	24.661875	-9.09125	22.68
-279	19	1090	40.783749	-33.215	23.113125
-220	15	1071	49.717499	-25.803749	5.7225
-166	72	1052	32.843124	-12.985	-21.91
-117	21	964	12.639375	-14.153125	-40.416248
-72	26	976	3.723125	10.43	-32.987499
-45	44	992	19.512501	29.658125	-7
-35	165	1004	22.557501	49.835625	7.02625
-17	140	974	40.932499	67.781876	4.423125
130	188	1063	20.190624	8.09375	8.2075
78	158	1022	-32.200001	41.540627	17.561251
134	55	1086	-32.554375	8.30375	10.92875
140	19	1040	-14.1225	13.934375	3.0975
116	-36	1000	-14.730625	-5.788125	0.35875
64	-7	1054	-21.914375	-7.7	-3.346875
45	-38	991	-24.9025	-2.5375	-14.14
56	-38	1018	-17.189375	-6.685	-13.825
-9	-20	1025	-8.2775	2.45	-3.766875
-34	-18	1007	1.5225	-3.14125	-5.726875
-49	22	978	-5.99375	-1.505	-4.165
-81	13	990	-2.8	-13.7725	3.84125
-63	-10	1033	-7.293125	-9.288125	-8.295
-71	-22	990	-7.993125	-14.175	-2.358125
-50	-38	1018	0.65625	-13.803125	4.099375
-43	-8	944	2.629375	-2.156875	4.921875
-59	-4	1031	1.75	1.780625	8.9075
-74	1	1014	1.483125	-1.675625	2.821875
-60	23	1065	-1.6975	-4.825625	-2.275
-59	4	1051	-5.359375	-15.40875	-2.1
-30	-18	1003	5.551875	-7.161875	-7.459375
-42	-55	1034	5.831875	6.225625	-2.926875
-68	-32	1024	-5.0575	8.150625	-9.016875
-33	19	1009	-15.23375	-10.766875	-10.994375
-30	1	1018	9.30125	7.91875	-4.160625
-2	-14	1023	-5.01375	11.97875	-4.15625
-23	-53	1013	-15.74125	8.54	-1.693125
-32	-36	1040	-16.883125	2.900625	-1.37375
-13	-55	1020	-3.985625	10.605	-0.100625
-36	-73	1014	1.124375	12.5125	-6.951875
-26	-66	1019	-0.258125	4.869375	-12.04
-13	-64	1041	-8.763125	1.526875	-10.85875
23	-61	1039	-8.42625	5.744375	-4.9175
44	-55	1030	-13.129375	4.064375	8.439375
47	-87	1032	-9.104375	4.13	9.725625
41	-92	996	-13.44	8.49625	2.345
123	-124	1025	-20.286875	0.161875	3.2375
153	-157	995	-23.813126	8.35625	7.896875
80	-161	991	-25.396875	-4.274375	18.952499
65	-147	988	-18.108126	-7.28875	20.558125
41	-116	970	-12.604375	-12.455625	22.303749
9	-114	958	-1.61	-17.473749	17.4125
-23	-136	1005	-5.490625	-18.313749	7.546875
31	-137	994	-2.82625	-22.028126	4.580625
-41	-124	982	-1.70625	3.276875	-3.96375
-95	-124	984	-8.9775	4.038125	-15.264375
-183	-118	946	10.714375	14.51625	-34.807499
-273	-157	975	27.391874	15.42625	-41.334999
-343	-189	1039	37.677502	-18.50625	-28.682501
-367	-156	1118	43.623123	-10.0275	-15.28625
-335	-135	1099	23.52	-24.084375	4.9175
-361	-48	1078	7.013125	-14.91875	17.963751
-376	-32	1047	11.239375	9.533125	23.344999
-379	-72	1042	-10.0275	-16.874374	23.196251
-280	-79	1026	6.076875	-6.13375	23.638124
-218	-44	976	15.4175	33.626251	17.364374
-151	-57	983	-14.69125	6.51875	6.085625
-71	-48	1098	-0.16625	7.441875	1.150625
-44	-5	959	27.895	72.900627	-17.657499
45	45	982	45.517502	67.204376	-14.100625
26	92	1006	57.977501	72.108749	2.148125
24	103	1044	64.290627	81.339996	-1.955625
6	133	1038	21.923124	-53.865002	-4.8125
94	145	1072	-1.728125	-127.614372	-9.17875
193	88	1105	-29.084999	-89.175629	-8.33875
117	43	1021	-29.95125	-6.129375	-3.241875
51	5	975	-36.150623	1.605625	-0.02625
69	-6	985	-45.959373	-25.291876	3.2375
16	-40	1054	-38.346874	-14.503125	1.745625
29	-51	993	-30.467501	6.74625	-2.38875
-2	-65	1020	-23.725624	-0.875	-5.4075
4	-72	1018	-18.165001	-4.85625	-7.669375
-2	-67	1012	-3.005625	2.68625	-7.53375
8	-75	1002	9.6775	6.7725	-4.834375
-18	-82	922	7.336875	2.31875	-1.885625
-18	-74	1028	6.37	-5.359375	-1.929375
-17	-66	1026	7.590625	1.39125	-3.31625
-32	-67	1021	4.055625	-1.96	-2.8525
-13	-56	1011	7	2.7825	-4.05125
-18	-50	1003	0.7525	0.8575	-0.616875
-16	-60	1016	-0.494375	0.100625	0.695625
-6	-57	1007	-4.239375	5.674375	3.556875
-37	-58	1003	-2.24	1.60125	3.92875
-27	-58	1013	1.4	1.09375	1.25125
-25	-48	1035	-1.8375	-0.161875	0.58625
-15	-61	1024	-0.5775	4.353125	-2.54625
-19	-47	1014	-0.100625	3.714375	-3.35125
-3	-50	1019	-4.47125	-0.7175	-1.61875
0	-61	1020	-5.744375	5.46875	-2.5025
9	-80	1029	-8.054375	0.083125	-1.95125
48	-90	1060	-10.43	-1.74125	-4.895625
119	-106	1061	-13.72	1.2775	-8.5575
214	-105	1038	-15.981875	-2.70375	-9.73875
262	-82	1033	-14.93625	3.85	7.993125
147	-157	986	-18.655001	11.598125	12.613125
173	-105	992	-20.264999	10.198125	1.194375
153	-92	922	-30.769375	-8.054375	6.278125
170	-145	890	-14.450625	-15.70625	13.62375
72	-192	987	11.624375	-14.51625	37.353748
-131	-159	992	-1.79375	-5.648125	18.278749
-130	-88	975	-10.3425	-11.641875	-9.506875
-112	-218	1013	-26.643749	-20.610624	-15.6625
-206	-207	1055	4.9875	4.799375	-12.350625
-317	-125	964	34.737499	30.93125	-22.942499
-337	-102	1011	43.767502	39.528126	-30.135
-353	-180	1058	48.960625	28.481251	-22.741249
-376	-112	1039	24.421249	0.616875	-2.33625
-339	-92	1040	11.5325	-12.429375	10.749375
-295	-65	1040	17.141251	-14.56875	25.186874
-274	-45	981	-2.8875	-28.336876	25.92625
-203	-61	981	-9.17	-21.791876	22.8025
-143	-62	997	-6.06375	-15.981875	20.015625
-118	-17	1009	1.745625	-11.2875	11.0775
-83	16	1026	19.018126	-3.49125	-6.055
-43	6	1045	18.878124	-7.35875	-12.534375
-58	56	1100	17.513124	22.91625	-19.490625
13	7	1058	-1.876875	16.139376	-28.144375
89	-39	1028	-11.6025	-29.780624	-17.556875
143	-41	1083	-9.68625	-19.766251	-0.2625
165	-74	1000	7.818125	0.118125	7.616875
189	-24	986	3.898125	-2.769375	14.95375
178	-51	958	9.89625	11.85625	7.0525
189	-22	914	6.698125	1.54875	5.543125
156	-36	898	31.68375	9.926875	-9.673125
189	-9	987	28.966875	-2.33625	-24.73625
225	40	1037	3.6925	-13.51	-21.8225
189	97	1029	-4.606875	-4.256875	-14.91875
165	48	1038	-7.914375	8.63625	-18.309376
151	40	1035	-27.23875	12.875625	-11.396875
91	15	1032	-36.001877	0.56	-1.334375
71	-39	1012	-31.045	4.046875	-3.77125
41	-45	1020	-19.6875	4.19125	0.730625
29	-54	1006	-16.078125	2.80875	0.678125
11	-67	1005	-12.6175	2.065	3.696875
-8	-86	1016	-12.5825	1.8725	4.66375
1	-93	1017	-6.615	0.861875	3.22875
11	-93	1026	-5.840625	-3.285625	2.340625
4	-101	1015	4.081875	-1.54	3.145625
20	-100	1009	6.04625	-1.089375	3.180625
8	-92	1020	6.759375	-0.4025	4.75125
9	-78	1021	6.4925	1.11125	2.821875
19	-71	1020	6.173125	-0.144375	1.05
6	-77	1032	2.835	2.5375	1.56625
24	-60	1017	7.25375	4.081875	1.763125
22	-69	1013	6.0725	0.27125	4.064375
35	-60	1013	7.6125	1.754375	4.633125
32	-59	1000	5.989375	2.034375	5.53
27	-47	1007	9.8875	-1.360625	4.515
30	-37	1005	7.34125	-1.63625	2.65125
20	-41	1017	4.1825	-0.53375	0.44625
57	-32	1015	-0.459375	0.809375	0.004375
24	-35	1017	-1.75875	4.20875	0.809375
26	-21	1018	2.65125	1.631875	0.468125
55	-38	1029	3.416875	3.434375	-0.7525
123	-46	1051	-2.6775	12.438125	1.045625
175	-55	1062	-0.8925	25.475624	3.12375
234	-54	986	10.889375	27.719999	5.009375
213	-70	998	10.82375	14.783125	8.019375
233	-32	1034	5.39875	-2.1175	7.555625
239	-1	1008	-2.568125	-5.569375	6.30875
178	-36	985	-10.22	-5.866875	8.3475
131	-13	996	-25.987499	-37.493752	19.648125
12	39	1211	-17.8675	-10.21125	8.658125
-77	-14	945	-11.326875	-8.911875	-2.944375
-145	-82	981	-29.60125	-14.275625	-2.23125
-123	-38	1074	-14.5075	-17.38625	-7.8925
-158	-73	1095	9.12625	-11.134375	-13.514375
-180	-71	1009	18.423124	-14.853125	-17.491249
-243	-6	1095	31.749374	1.74125	-18.129999
-246	-31	1033	18.0425	-6.92125	-10.40375
-245	-14	1061	-0.905625	10.434375	0.748125
-224	-25	1081	0.835625	31.8325	8.579375
-190	-93	1050	-16.454374	0.555625	18.41
-183	-71	1076	6.391875	3.05375	25.300625
-160	-12	1022	17.955	14.76125	22.824375
-125	-14	973	-3.64875	-6.11625	5.7925
-91	-2	1054	3.70125	-1.684375	-5.3025
-39	-43	999	-9.191875	-1.920625	-15.868125
10	-62	1031	-0.83125	-5.20625	-1.75875
26	-14	1026	18.641874	11.1125	2.8875
84	42	943	7.441875	19.639376	-0.6475
